"Saziv";"Sjednica";"RedniBroj";"Naziv";"URL";"ImaSnimku";"ID"
"VIII";3;67;"Prijedlog odluke o izmjeni Odluke o sudjelovanju pripadnika Oružanih snaga Republike Hrvatske u misiji potpore miru 'RESOLUTE SUPPORT' u Afganistanu";"http://edoc.sabor.hr/Views/FonogramView.aspx?tdrid=2012625";1;2012625
"VIII";3;66;"Prijedlog odluke o raspuštanju Hrvatskog sabora";"http://edoc.sabor.hr/Views/FonogramView.aspx?tdrid=2012624";1;2012624
"VIII";3;65;"Konačni prijedlog zakona o izmjenama i dopunama Zakona o ravnopravnosti spolova, hitni postupak, prvo i drugo čitanje, P.Z.E. br. 63";"http://edoc.sabor.hr/Views/FonogramView.aspx?tdrid=2012619";1;2012619
"VIII";3;64;"Prijedlog za pokretanje pitanja povjerenja predsjedniku Vlade Republike Hrvatske Tihomiru Oreškoviću, Predlagatelji: 42 zastupnika Hrvatskoga sabora";"http://edoc.sabor.hr/Views/FonogramView.aspx?tdrid=2012618";1;2012618
"VIII";3;63;"Konačni prijedlog zakona o izmjenama i dopuni Zakona o zdravstvenoj zaštiti, hitni postupak, prvo i drugo čitanje, P.Z. br. 75";"http://edoc.sabor.hr/Views/FonogramView.aspx?tdrid=2012616";1;2012616
"VIII";3;62;"Konačni prijedlog zakona o izmjenama i dopunama Zakona o obveznom zdravstvenom osiguranju, hitni postupak, prvo i drugo čitanje, P.Z. br. 74";"http://edoc.sabor.hr/Views/FonogramView.aspx?tdrid=2012617";1;2012617
"VIII";3;61;"Prijedlog odluke o proglašenju 'Nacionalnog dana ambliopije'";"http://edoc.sabor.hr/Views/FonogramView.aspx?tdrid=2012615";1;2012615
"VIII";3;60;"Izvješće o radu pravobraniteljice za osobe s invaliditetom za 2015. godinu, Predlagateljica: Pravobraniteljica za osobe s invaliditetom";"http://edoc.sabor.hr/Views/FonogramView.aspx?tdrid=2012614";1;2012614
"VIII";3;59;"Izvješće o radu pravobraniteljice za djecu za 2015. godinu, Predlagateljica: Pravobraniteljica za djecu";"http://edoc.sabor.hr/Views/FonogramView.aspx?tdrid=2012607";1;2012607
"VIII";3;58;"Izvješće o poslovanju Fonda hrvatskih branitelja iz Domovinskog rata i članova njihovih obitelji za 2014. godinu, Predlagatelj: Upravni odbor Fonda hrvatskih branitelja iz Domovinskog rata i članova njihovih obitelji";"http://edoc.sabor.hr/Views/FonogramView.aspx?tdrid=2012606";1;2012606
"VIII";3;57;"Izvještaj o radu obveznih mirovinskih fondova kojima upravlja Raiffeisen društvo za upravljanje obveznim i dobrovoljnim mirovinskim fondovima d.d. za 2015. godinu, Predlagatelj: Raiffeisen društvo za upravljanje obveznim i dobrovoljnim mirovinskim fondovima d.d.";"http://edoc.sabor.hr/Views/FonogramView.aspx?tdrid=2012603";1;2012603
"VIII";3;56;"Izvještaj o radu obveznih mirovinskih fondova PBZ Croatia osiguranje za 2015. godinu, Predlagatelj: PBZ Croatia osiguranje d.d. za upravljanje obveznim mirovinskim fondovima";"http://edoc.sabor.hr/Views/FonogramView.aspx?tdrid=2012602";1;2012602
"VIII";3;55;"Izvještaj o radu obveznih mirovinskih fondova kojima upravlja ERSTE d.o.o. društvo za upravljanje obveznim i dobrovoljnim mirovinskim fondovima za 2015. godinu, Predlagatelj: Erste d.o.o. društvo za upravljanje obveznim mirovinskim fondom";"http://edoc.sabor.hr/Views/FonogramView.aspx?tdrid=2012601";1;2012601
"VIII";3;54;"Izvještaj o radu AZ obveznih mirovinskih fondova za 2015. godinu, Predlagatelj: Allianz ZB d.o.o. društvo za upravljanje obveznim mirovinskim fondom";"http://edoc.sabor.hr/Views/FonogramView.aspx?tdrid=2012600";1;2012600
"VIII";3;53;"Prijedlog odluke za izbor deset sudaca Ustavnog suda Republike Hrvatske, Predlagatelj: Odbor za Ustav, Poslovnik i politički sustav";"http://edoc.sabor.hr/Views/FonogramView.aspx?tdrid=2012597";1;2012597
"VIII";3;52;"Izvješće o ostvarivanju prava na besplatnu pravnu pomoć i utrošku sredstava u 2015. godini";"http://edoc.sabor.hr/Views/FonogramView.aspx?tdrid=2012595";1;2012595
"VIII";3;51;"Konačni prijedlog zakona o izmjenama i dopunama Zakona o informiranju potrošača o hrani, hitni postupak, prvo i drugo čitanje, P.Z.E. br. 65";"http://edoc.sabor.hr/Views/FonogramView.aspx?tdrid=2012594";1;2012594
"VIII";3;50;"Izvješće o radu pravobraniteljice za ravnopravnost spolova za 2015. godinu, Predlagateljica: Pravobraniteljica za ravnopravnost spolova";"http://edoc.sabor.hr/Views/FonogramView.aspx?tdrid=2012592";1;2012592
"VIII";3;49;"Konačni prijedlog zakona o potvrđivanju Ugovora o jamstvu između Republike Hrvatske i Europske banke za obnovu i razvoj za financiranje Projekta restrukturiranja HAC-a, hitni postupak, prvo i drugo čitanje, P.Z. br. 62";"http://edoc.sabor.hr/Views/FonogramView.aspx?tdrid=2012591";1;2012591
"VIII";3;48;"Konačni prijedlog zakona o potvrđivanju Sporazuma o poštanskim uslugama plaćanja, hitni postupak, prvo i drugo čitanje, P.Z. br. 59";"http://edoc.sabor.hr/Views/FonogramView.aspx?tdrid=2012590";1;2012590
"VIII";3;47;"Konačni prijedlog zakona o potvrđivanju Općih pravila Svjetske poštanske unije, hitni postupak, prvo i drugo čitanje, P.Z. br. 58";"http://edoc.sabor.hr/Views/FonogramView.aspx?tdrid=2012589";1;2012589
"VIII";3;46;"Konačni prijedlog zakona o potvrđivanju Svjetske poštanske konvencije sa Završnim protokolom, hitni postupak, prvo i drugo čitanje, P.Z. br. 57";"http://edoc.sabor.hr/Views/FonogramView.aspx?tdrid=2012588";1;2012588
"VIII";3;45;"Konačni prijedlog zakona o izmjenama Zakona o pomorskom dobru i morskim lukama, hitni postupak, prvo i drugo čitanje, P.Z. br. 48";"http://edoc.sabor.hr/Views/FonogramView.aspx?tdrid=2012587";1;2012587
"VIII";3;44;"Konačni prijedlog zakona o izmjenama i dopuni Zakona o socijalnoj skrbi, hitni postupak, prvo i drugo čitanje, P.Z. br. 64";"http://edoc.sabor.hr/Views/FonogramView.aspx?tdrid=2012586";1;2012586
"VIII";3;43;"Konačni prijedlog zakona o izmjenama i dopunama Zakona o prijevozu u linijskom i povremenom obalnom pomorskom prometu, hitni postupak, prvo i drugo čitanje, P.Z.E. br. 50";"http://edoc.sabor.hr/Views/FonogramView.aspx?tdrid=2012581";1;2012581
"VIII";3;42;"Izvješće o radu pučke pravobraniteljice za 2015. godinu, Predlagateljica: Pučka pravobraniteljica";"http://edoc.sabor.hr/Views/FonogramView.aspx?tdrid=2012580";1;2012580
"VIII";3;41;"Izbori, imenovanja i razrješenja";"http://edoc.sabor.hr/Views/FonogramView.aspx?tdrid=2012579";1;2012579
"VIII";3;40;"Konačni prijedlog zakona o izmjeni Zakona o financiranju političkih aktivnosti i izborne promidžbe, Predlagatelji: Klub zastupnika HSLS-BUZ i nezavisne zastupnice Gordane Rusak i Klub zastupnika MOST nezavisnih lista, hitni postupak, prvo i drugo čitanje, P.Z. br. 21";"http://edoc.sabor.hr/Views/FonogramView.aspx?tdrid=2012578";1;2012578
"VIII";3;39;"Konačni prijedlog zakona o izmjenama i dopunama Zakona o državnim službenicima, hitni postupak, prvo i drugo čitanje, P.Z. br. 49";"http://edoc.sabor.hr/Views/FonogramView.aspx?tdrid=2012577";1;2012577
"VIII";3;38;"Konačni prijedlog zakona o izmjeni i dopuni Zakona o obvezama i pravima državnih dužnosnika, hitni postupak, prvo i drugo čitanje, P.Z. br. 51";"http://edoc.sabor.hr/Views/FonogramView.aspx?tdrid=2012576";1;2012576
"VIII";3;37;"Izvješće o provedbi Plana upravljanja imovinom u vlasništvu Republike Hrvatske za 2015. godinu";"http://edoc.sabor.hr/Views/FonogramView.aspx?tdrid=2012574";1;2012574
"VIII";3;36;"Konačni prijedlog zakona o izmjenama i dopunama Zakona o inspekcijama u gospodarstvu, hitni postupak, prvo i drugo čitanje, P.Z. br. 47";"http://edoc.sabor.hr/Views/FonogramView.aspx?tdrid=2012573";1;2012573
"VIII";3;35;"Konačni prijedlog zakona o potvrđivanju Sporazuma između Kraljevine Belgije, Kraljevine Danske, Savezne Republike Njemačke, Irske, Talijanske Republike, Velikog Vojvodstva Luksemburga, Kraljevine Nizozemske, Europske zajednice za atomsku energiju i Međunarodne agencije za atomsku energiju o provedbi članka III. stavka 1. i 4. Ugovora o neširenju nuklearnog oružja i Dodatnog protokola uz Sporazum između Republike Austrije, Kraljevine Belgije, Kraljevine Danske, Republike Finske, Savezne Republike Njemačke, Helenske Republike, Irske, Talijanske Republike, Velikog Vojvodstva Luksemburga, Kraljevine Nizozemske, Portugalske Republike, Kraljevine Španjolske, Kraljevine Švedske, Europske zajednice za atomsku energiju i Međunarodne agencije za atomsku energiju o provedbi članka III. stavka 1. i 4. Ugovora o neširenju nuklearnog oružja, hitni postupak, prvo i drugo čitanje, P.Z. br. 34";"http://edoc.sabor.hr/Views/FonogramView.aspx?tdrid=2012572";1;2012572
"VIII";3;34;"Konačni prijedlog zakona o alternativnom rješavanju potrošačkih sporova, hitni postupak, prvo i drugo čitanje, P.Z.E. br. 32";"http://edoc.sabor.hr/Views/FonogramView.aspx?tdrid=2012571";1;2012571
"VIII";3;33;"Konačni prijedlog zakona o izmjenama Zakona o zaštiti topografija poluvodičkih proizvoda, hitni postupak, prvo i drugo čitanje, P.Z. br. 39";"http://edoc.sabor.hr/Views/FonogramView.aspx?tdrid=2012570";1;2012570
"VIII";3;32;"Konačni prijedlog zakona o izmjenama Zakona o oznakama zemljopisnog podrijetla i oznakama izvornosti proizvoda i usluga, hitni postupak, prvo i drugo čitanje, P.Z. br. 38";"http://edoc.sabor.hr/Views/FonogramView.aspx?tdrid=2012569";1;2012569
"VIII";3;31;"Konačni prijedlog zakona o izmjenama Zakona o industrijskom dizajnu, hitni postupak, prvo i drugo čitanje, P.Z. br. 36";"http://edoc.sabor.hr/Views/FonogramView.aspx?tdrid=2012568";1;2012568
"VIII";3;30;"Konačni prijedlog zakona o izmjenama Zakona o žigu, hitni postupak, prvo i drugo čitanje, P.Z. br. 37";"http://edoc.sabor.hr/Views/FonogramView.aspx?tdrid=2012567";1;2012567
"VIII";3;29;"Konačni prijedlog zakona o izmjenama Zakona o patentu, hitni postupak, prvi i drugo čitanje, P.Z. br. 35";"http://edoc.sabor.hr/Views/FonogramView.aspx?tdrid=2012566";0;2012566
"VIII";3;28;"Konačni prijedlog zakona o eksplozivnim tvarima te proizvodnji i prometu oružja, hitni postupak, prvo i drugo čitanje, P.Z.E. br. 42";"http://edoc.sabor.hr/Views/FonogramView.aspx?tdrid=2012565";1;2012565
"VIII";3;27;"Konačni prijedlog zakona o nabavi i registraciji oružja građana, hitni postupak, prvo i drugo čitanje, P.Z.E. br. 41";"http://edoc.sabor.hr/Views/FonogramView.aspx?tdrid=2012564";1;2012564
"VIII";3;26;"Konačni prijedlog zakona o izmjenama Zakona o službi u Oružanim snagama Republike Hrvatske, hitni postupak, prvo i drugo čitanje, P.Z. br. 40";"http://edoc.sabor.hr/Views/FonogramView.aspx?tdrid=2012563";1;2012563
"VIII";3;25;"Konačni prijedlog zakona o provedbi uredbi Europske unije iz područja platnog prometa, hitni postupak, prvo i drugo čitanje, P.Z.E. br. 33";"http://edoc.sabor.hr/Views/FonogramView.aspx?tdrid=2012562";1;2012562
"VIII";3;24;"Konačni prijedlog zakona o provedbi Uredbe (EZ) br. 1060/2009 Europskog parlamenta i Vijeća od 16. rujna 2009. o agencijama za kreditni rejting, hitni postupak, prvo i drugo čitanje, P.Z.E. br. 28";"http://edoc.sabor.hr/Views/FonogramView.aspx?tdrid=2012561";1;2012561
"VIII";3;23;"Izvješće o obavljenoj reviziji učinkovitosti provedbe mjera utvrđenih Strategijom razvoja turizma Republike Hrvatske do 2020., Predlagatelj: Državni ured za reviziju";"http://edoc.sabor.hr/Views/FonogramView.aspx?tdrid=2012560";1;2012560
"VIII";3;22;"Konačni prijedlog zakona o potvrđivanju Okvirnog ugovora o zajmu između Republike Hrvatske i Razvojne banke Vijeća Europe za Projekt zaštite od poplava, hitni postupak, prvo i drugo čitanje, P.Z. br. 31";"http://edoc.sabor.hr/Views/FonogramView.aspx?tdrid=2012559";1;2012559
"VIII";3;21;"Prijedlog zakona o izmjenama i dopunama Zakona o prostornom uređenju, prvo čitanje, P.Z.E. br. 30";"http://edoc.sabor.hr/Views/FonogramView.aspx?tdrid=2012557";1;2012557
"VIII";3;20;"Izvješće o obavljenoj reviziji učinkovitosti upravljanja i raspolaganja nekretninama jedinica lokalne i područne (regionalne) samouprave, Predlagatelj: Državni ured za reviziju";"http://edoc.sabor.hr/Views/FonogramView.aspx?tdrid=2012556";1;2012556
"VIII";3;19;"Konačni prijedlog zakona o izmjeni i dopuni Zakona o posebnim pravima predsjednika Republike Hrvatske po prestanku obnašanja dužnosti, hitni postupak, prvo i drugo čitanje, P.Z. br. 29";"http://edoc.sabor.hr/Views/FonogramView.aspx?tdrid=2012555";1;2012555
"VIII";3;18;"Konačni prijedlog zakona o potvrđivanju Konvencije o centraliziranom carinjenju u vezi s dodjelom nacionalnih troškova naplate zadržanih kad se tradicionalna vlastita sredstva osiguraju za proračun EU-a, hitni postupak, prvo i drugo čitanje, P.Z.E. br. 20";"http://edoc.sabor.hr/Views/FonogramView.aspx?tdrid=2012554";1;2012554
"VIII";3;17;"Konačni prijedlog zakona o izmjenama i dopunama Općeg poreznog zakona, hitni postupak, prvo i drugo čitanje, P.Z.E. br. 17";"http://edoc.sabor.hr/Views/FonogramView.aspx?tdrid=2012553";1;2012553
"VIII";3;16;"Konačni prijedlog zakona o otvorenim investicijskim fondovima s javnom ponudom, hitni postupak, prvo i drugo čitanje, P.Z.E. br. 15";"http://edoc.sabor.hr/Views/FonogramView.aspx?tdrid=2012552";1;2012552
"VIII";3;15;"Konačni prijedlog zakona o izmjenama i dopunama Zakona o konačnosti namire u platnim sustavima i sustavima za namiru financijskih instrumenata, hitni postupak, prvo i drugo čitanje, P.Z.E. br. 14";"http://edoc.sabor.hr/Views/FonogramView.aspx?tdrid=2012551";1;2012551
"VIII";3;14;"Konačni prijedlog zakona o provedbi Uredbe (EU) br. 909/2014 Europskog parlamenta i Vijeća od 23. srpnja 2014. o poboljšanju namire vrijednosnih papira u Europskoj uniji i o središnjim depozitorijima vrijednosnih papira te izmjeni direktiva 98/26EZ i 2014/65/EU te Uredbe (EU) br. 236/2012, hitni postupak, prvo i drugo čitanje, P.Z.E. br. 13";"http://edoc.sabor.hr/Views/FonogramView.aspx?tdrid=2012550";1;2012550
"VIII";3;13;"Konačni prijedlog zakona o izmjeni i dopunama Zakona o porezu na dobit, hitni postupak, prvo i drugo čitanje, P.Z.E. br. 10";"http://edoc.sabor.hr/Views/FonogramView.aspx?tdrid=2012549";1;2012549
"VIII";3;12;"Konačni prijedlog zakona o provedbi carinskog zakonodavstva Europske unije, hitni postupak, prvo i drugo čitanje, P.Z.E. br. 25";"http://edoc.sabor.hr/Views/FonogramView.aspx?tdrid=2012548";1;2012548
"VIII";3;11;"Izvješće o poslovanju slobodnih zona u Republici Hrvatskoj u 2014. godini";"http://edoc.sabor.hr/Views/FonogramView.aspx?tdrid=2012547";1;2012547
"VIII";3;10;"Izvješće Mandatno-imunitetnog povjerenstva";"http://edoc.sabor.hr/Views/FonogramView.aspx?tdrid=2012546";1;2012546
"VIII";3;9;"Izvješće o provedbi Zakona o pravu na pristup informacijama za 2015. godinu, Predlagatelj: Povjerenica za informiranje";"http://edoc.sabor.hr/Views/FonogramView.aspx?tdrid=2012545";1;2012545
"VIII";3;8;"Izvješće o radu Odbora za predstavke i pritužbe za 2014. godinu, Predlagatelj: Odbor za predstavke i pritužbe";"http://edoc.sabor.hr/Views/FonogramView.aspx?tdrid=2012544";1;2012544
"VIII";3;7;"Konačni prijedlog zakona o provedbi Uredbe (EU) br. 98/2013 Europskog parlamenta i Vijeća od 15. siječnja 2013. o stavljanju na tržište i uporabi prekursora eksploziva, hitni postupak, P.Z.E. br. 27";"http://edoc.sabor.hr/Views/FonogramView.aspx?tdrid=2012543";1;2012543
"VIII";3;6;"Konačni prijedlog zakona o izmjenama i dopunama Zakona o genetski modificiranim organizmima, hitni postupak, prvo i drugo čitanje, P.Z.E. br. 26";"http://edoc.sabor.hr/Views/FonogramView.aspx?tdrid=2012542";1;2012542
"VIII";3;5;"Konačni prijedlog zakona o izmjenama i dopuni Zakona o zaštiti od buke, hitni postupak, prvo i drugo čitanje, P.Z.E. br. 24";"http://edoc.sabor.hr/Views/FonogramView.aspx?tdrid=2012541";1;2012541
"VIII";3;4;"Godišnje izvješće o radu i provedbi nadzora zakonitosti rada i financijskog poslovanja Hrvatske radiotelevizije za 2014. godinu, Predlagatelj: Nadzorni odbor HRT-a";"http://edoc.sabor.hr/Views/FonogramView.aspx?tdrid=2012539";1;2012539
"VIII";3;3;"Izvješće o radu Programskog Vijeća HRT-a i o provedbi programskih načela i obveza HRT-a utvrđenih Zakonom o HRT-u i Ugovorom između Hrvatske radiotelevizije i Vlade Republike Hrvatske za mandatno razdoblje od 1. siječnja 2014. do 31. prosinca 2014. godine, Predlagatelj: Programsko vijeće HRT-a";"http://edoc.sabor.hr/Views/FonogramView.aspx?tdrid=2012538";1;2012538
"VIII";3;2;"Konačni prijedlog zakona o izmjeni Zakona o faktoringu, hitni postupak, prvo i drugo čitanje, P.Z. br. 18";"http://edoc.sabor.hr/Views/FonogramView.aspx?tdrid=2012537";1;2012537
"VIII";3;1;"Izvješće o radu Nacionalnog vijeća za znanost, visoko obrazovanje i tehnološki razvoj za 2015. godinu, Predlagatelj: Nacionalno vijeće za znanost, visoko obrazovanje i tehnološki razvoj";"http://edoc.sabor.hr/Views/FonogramView.aspx?tdrid=2012536";1;2012536
"VIII";3;;"Aktualno prijepodne";"http://edoc.sabor.hr/Views/FonogramView.aspx?tdrid=2012535";1;2012535
"VIII";3;;"Obilježavanje 20. lipnja kao Dan sjećanja na Stjepana Radića i lipanjske žrtve";"http://edoc.sabor.hr/Views/FonogramView.aspx?tdrid=2012628";0;2012628
"VIII";3;;"Zahtjev klubova zastupnika za stanku u vezi sa zahtjevom Klubova zastupnika za raspuštanjem Sabora";"http://edoc.sabor.hr/Views/FonogramView.aspx?tdrid=2012627";0;2012627
"VIII";3;;"Zahtjev kluba zastupnika za stanku zbog povrede zastupničkih prava";"http://edoc.sabor.hr/Views/FonogramView.aspx?tdrid=2012626";0;2012626
"VIII";3;;"Zahtjev kluba zastupnika za stanku u vezi s pitanjem besplatnog prijevoza srednjoškolaca; Zahtjev kluba zastupnika za stanku u vezi s aktualnostima u hrvatskoj poljoprivredi; Zahtjev kluba zastupnika za stanku u vezi s aktualnom političkom situacijom";"http://edoc.sabor.hr/Views/FonogramView.aspx?tdrid=2012623";0;2012623
"VIII";3;;"Davanje prisege zastupnika";"http://edoc.sabor.hr/Views/FonogramView.aspx?tdrid=2012622";0;2012622
"VIII";3;;"Zahtjev klubova zastupnika za stanku u vezi s aktualnom političkom situacijom u zemlji; Zahtjev kluba zastupnika za stanku u vezi s problemima umirovljenika; Zahtjev kluba zastupnika za stanku u vezi s pitanjem prijevoza učenika";"http://edoc.sabor.hr/Views/FonogramView.aspx?tdrid=2012621";0;2012621
"VIII";3;;"Zahtjev kluba zastupnika za stanku zbog slučaja odbijanja otkupa hrvatskih državnih obveznica i posljedicama koje eventualno mogu imati na izvršenje proračuna 2016.; Zahtjev kluba zastupnika za stanku zbog telefonskih sjednica Vlade RH; Zahtjev kluba zastupnika za stanku zbog izvješća Savjetodavnog odbora Vijeća Europe o provedbi Konvencije o zaštiti nacionalnih manjina; Zahtjev kluba zastupnika za stanku zbog moguće umiješanosti pojedinih ministara u PR usluge";"http://edoc.sabor.hr/Views/FonogramView.aspx?tdrid=2012620";0;2012620
"VIII";3;;"Zahtjev kluba zastupnika za stanku u vezi s pokroviteljstvima Hrvatskog sabora nad obilježavanjima povijesnih događaja; Zahtjev kluba zastupnika za stanku u vezi s kriterijima i raspodjelom sredstava u Ministarstvu regionalnog razvoja; Zahtjev kluba zastupnika za stanku u vezi s kurikularnom reformom";"http://edoc.sabor.hr/Views/FonogramView.aspx?tdrid=2012613";0;2012613
"VIII";3;;"Zahtjev klubova zastupnika za stanku zbog smjene članova uprava u trgovačkim društvima od posebnog državnog interesa; Zahtjev klubova zastupnika za stanku u vezi s kurikularnom reformom";"http://edoc.sabor.hr/Views/FonogramView.aspx?tdrid=2012612";0;2012612
"VIII";3;;"Zahtjev kluba zastupnika za stanku zbog neprimjenjivanja prava Europske unije i nerada Vlade; Zahtjev kluba zastupnika za stanku u vezi s preusmjeravanjem novca za ruralni razvoj na relaciji Bruxelles - Zagreb; Zahtjev kluba zastupnika za stankom u vezi s pismom zaposlenika Hrvatskog zavoda za mirovinsko osiguranje premijeru Oreškoviću; Zahtjev klubova zastupnika za stanku u vezi s provođenjem programa mjera ruralnog razvoja";"http://edoc.sabor.hr/Views/FonogramView.aspx?tdrid=2012611";0;2012611
"VIII";3;;"Zahtjev kluba zastupnika za stanku u vezi s reakcijama na izjave biskupa Komarice; Zahtjev kluba za stanku zbog stopiranja isplate poljoprivrednih poticaja Europske komisije za Hrvatsku";"http://edoc.sabor.hr/Views/FonogramView.aspx?tdrid=2012610";0;2012610
"VIII";3;;"Zahtjev klubova zastupnika za stanku zbog ukidanja invalidnine za djecu s Downovim sindromom; Zahtjev klubova zastupnika za stanku u vezi s najavljenim poskupljenjem police dodatnog zdravstvenog osiguranja; Zahtjev klubova zastupnika za stanku u vezi s promjenom demografskog stanja u Hrvatskoj";"http://edoc.sabor.hr/Views/FonogramView.aspx?tdrid=2012609";0;2012609
"VIII";3;;"Zahtjev kluba zastupnika za stanku zbog neprovedbe Nacionalne strategije, posebno vezano za romske zajednice; Zahtjev za stanku zbog kršenja Zakona o HRT-u i kršenja Ugovora između Vlade RH i HRT-a";"http://edoc.sabor.hr/Views/FonogramView.aspx?tdrid=2012608";0;2012608
"VIII";3;;"Zahtjev kluba zastupnika za stanku zbog izmjena Odluke o utvrđivanju trgovačkih društava od strateškog i posebnog interesa na telefonskoj sjednici Vlade RH; Zahtjev kluba zastupnika za stanku zbog strukture hrvatskog izvoza; Zahtjev kluba zastupnika za stanku zbog privatizacije Brodosplita; Zahtjev kluba zastupnika za stanku zbog obavještajnoga podzemlja i dobivanja dokumentacije koja je zaštićena po zakonu";"http://edoc.sabor.hr/Views/FonogramView.aspx?tdrid=2012605";0;2012605
"VIII";3;;"Zahtjev kluba zastupnika za stanku u vezi s prosvjedom pirotehničara na Trgu sv. Marka u Zagrebu";"http://edoc.sabor.hr/Views/FonogramView.aspx?tdrid=2012604";0;2012604
"VIII";3;;"Zahtjev klubova zastupnika za stanku u vezi s aktualnom političkom situacijom u zemlji (Ina;Mol); Zahtjev klubova zastupnika za stanku zbog stanja u Imunološkom zavodu";"http://edoc.sabor.hr/Views/FonogramView.aspx?tdrid=2012599";0;2012599
"VIII";3;;"Zahtjev klubova zastupnika za stanku zbog nepoštivanja Državnog pedagoškog standarda te zbog situacije u dječjim vrtićima u Zagrebu; Zahtjev kluba zastupnika za stanku zbog izjave predsjednice RH; Zahtjev kluba zastupnika za stanku zbog političkih odnosa u zemlji";"http://edoc.sabor.hr/Views/FonogramView.aspx?tdrid=2012598";0;2012598
"VIII";3;;"Zahtjev kluba zastupnika za stanku zbog elementarne nepogode koja je zadesila poljoprivrednike; Zahtjev kluba zastupnika za stanku u vezi s aktualnom situacijom u Hrvatskoj; Zahtjev kluba zastupnika za stanku zbog uvođenja novih nameta u zdravstvu; Zahtjev kluba zastupnika za stanku u vezi s posjetom povjerenika Vijeća Europe Hrvatskoj; Zahtjev kluba zastupnika za stanku zbog krize u stočarskom sektoru; Zahtjev kluba zastupnika za stanku u vezi s radom Vlade i vođenjem sjednica Sabora";"http://edoc.sabor.hr/Views/FonogramView.aspx?tdrid=2012596";0;2012596
"VIII";3;;"Zahtjev kluba zastupnika za stanku u vezi s izmjenom Pravilnika o zaštiti od elektromagnetskih polja; Zahtjev kluba zastupnika za stanku u vezi s donošenjem Zakona o porezu na nekretnine; Zahtjev kluba zastupnika za stanku u vezi s dovođenjem multinacionalnih kompanija koje se bave GMO proizvodnjom";"http://edoc.sabor.hr/Views/FonogramView.aspx?tdrid=2012593";0;2012593
"VIII";3;;"Zahtjev kluba zastupnika za stanku u vezi s izložbom kojom se obilježava 25. obljetnica stradanja i ubojstava dvanaest hrvatskih redarstvenika u Borovu Selu";"http://edoc.sabor.hr/Views/FonogramView.aspx?tdrid=2012585";0;2012585
"VIII";3;;"Zahtjev klubova zastupnika za stanku u vezi s mirovinskom reformom; Zahtjev kluba zastupnika za stanku zbog teške situacije u neprofitnim medijima i u medijima nacionalnih manjina; Zahtjev kluba zastupnika za stanku zbog nepravilnosti vezanih za projekt golfa na Srđu; Zahtjev kluba zastupnika za stanku u vezi s organizacijom Europskih sveučilišnih igara koje će se održati u Hrvatskoj";"http://edoc.sabor.hr/Views/FonogramView.aspx?tdrid=2012584";0;2012584
"VIII";3;;"Zahtjev klubova zastupnika za stanku u vezi s planom Vlade o provođenju paketa reformi; Zahtjev klubova zastupnika za stanku u vezi sa zakladom Kultura nova i općenito situacijom u kulturi";"http://edoc.sabor.hr/Views/FonogramView.aspx?tdrid=2012583";0;2012583
"VIII";3;;"Zahtjev kluba zastupnika za stanku zbog događanja u naselju Kozari Bok u Zagrebu";"http://edoc.sabor.hr/Views/FonogramView.aspx?tdrid=2012575";0;2012575
"VIII";3;;"Zahtjev klubova zastupnika za stanku zbog najava promjena u mirovinskom sustavu";"http://edoc.sabor.hr/Views/FonogramView.aspx?tdrid=2012558";0;2012558
"VIII";3;;"Zahtjev klubova zastupnika za stanku u vezi s Raiffeisen bankom i austrijskim zadrugama";"http://edoc.sabor.hr/Views/FonogramView.aspx?tdrid=2012540";0;2012540
"VIII";3;;"Utvrđivanje dnevnog reda";"http://edoc.sabor.hr/Views/FonogramView.aspx?tdrid=2012534";1;2012534
"VIII";2;57;"Izbori, imenovanja i razrješenja";"http://edoc.sabor.hr/Views/FonogramView.aspx?tdrid=2012508";1;2012508
"VIII";2;56;"Prijedlog za iskazivanje povjerenja Tomi Medvedu, za obavljanje dužnosti ministra branitelja, Predlagatelj: Predsjednik Vlade RH";"http://edoc.sabor.hr/Views/FonogramView.aspx?tdrid=2012531";1;2012531
"VIII";2;55;"Prijedlog odluke o proglašenju 2016. 'Godinom Nikole Šubića Zrinskog', Predlagatelj: Odbor za obrazovanje, znanost i kulturu";"http://edoc.sabor.hr/Views/FonogramView.aspx?tdrid=2012530";1;2012530
"VIII";2;54;"Konačni prijedlog zakona o dopuni Zakona o sanaciji javnih ustanova, hitni postupak, prvo i drugo čitanje, P.Z. br. 19";"http://edoc.sabor.hr/Views/FonogramView.aspx?tdrid=2012528";1;2012528
"VIII";2;53;"Konačni prijedlog zakona o dopuni Zakona o obrani, hitni postupak, prvo i drugo čitanje, P.Z. br.12";"http://edoc.sabor.hr/Views/FonogramView.aspx?tdrid=2012527";1;2012527
"VIII";2;52;"Konačni prijedlog zakona o dopuni Zakona o nadzoru državne granice, hitni postupak, prvo i drugo čitanje, P.Z. br. 11";"http://edoc.sabor.hr/Views/FonogramView.aspx?tdrid=2012526";1;2012526
"VIII";2;51;"Konačni prijedlog zakona o izvršavanju Državnog proračuna Republike Hrvatske za 2016. godinu, drugo čitanje, P.Z. br. 16";"http://edoc.sabor.hr/Views/FonogramView.aspx?tdrid=2012525";1;2012525
"VIII";2;50;"Prijedlog državnog proračuna Republike Hrvatske za 2016. godinu i projekcije za 2017. i 2018. godinu";"http://edoc.sabor.hr/Views/FonogramView.aspx?tdrid=2012524";1;2012524
"VIII";2;49;"Izvješće o provedbi Nacionalne strategije i Akcijskog plana suzbijanja zlouporabe droga u Republici Hrvatskoj za 2014. godinu";"http://edoc.sabor.hr/Views/FonogramView.aspx?tdrid=2012521";1;2012521
"VIII";2;48;"Izvješće o provođenju Ustavnog zakona o pravima nacionalnih manjina i utrošku sredstava osiguranih u Državnom proračunu Republike Hrvatske za 2014. godinu za potrebe nacionalnih manjina";"http://edoc.sabor.hr/Views/FonogramView.aspx?tdrid=2012520";1;2012520
"VIII";2;47;"Prijedlog odluke o razrješenju člana Upravnog vijeća Hrvatske energetske regulatorne agencije";"http://edoc.sabor.hr/Views/FonogramView.aspx?tdrid=2012519";1;2012519
"VIII";2;46;"Konačni prijedlog zakona o potvrđivanju Ugovora o jamstvu između Kraljevine Belgije, Republike Bugarske, Češke Republike, Kraljevine Danske, Savezne Republike Njemačke, Republike Estonije, Irske, Helenske Republike, Kraljevine Španjolske, Francuske Republike, Republike Hrvatske, Talijanske Republike, Republike Cipra, Republike Latvije, Republike Litve, Velikog Vojvodstva Luksemburga, Mađarske, Republike Malte, Kraljevine Nizozemske, Republike Austrije, Republike Poljske, Portugalske Republike, Rumunjske, Republike Slovenije, Slovačke Republike, Republike Finske, Kraljevine Švedske, Ujedinjene Kraljevine Velike Britanije i Sjeverne Irske i Europske investicijske banke vezane uz zajmove Europske investicijske banke za investicijske projekte u afričkim, karipskim i pacifičkim državama te u prekomorskim zemljama i područjima, hitni postupak, prvo i drugo čitanje, P.Z. br. 8";"http://edoc.sabor.hr/Views/FonogramView.aspx?tdrid=2012517";1;2012517
"VIII";2;45;"Konačni prijedlog zakona o potvrđivanju Sporazuma o izvršenju nepodmirenih dospjelih novčanih obveza između Kraljevine Belgije, Republike Bugarske, Češke Republike, Kraljevine Danske, Savezne Republike Njemačke, Republike Estonije, Irske, Helenske Republike, Kraljevine Španjolske, Francuske Republike, Republike Hrvatske, Talijanske Republike, Republike Cipra, Republike Latvije, Republike Litve, Velikog Vojvodstva Luksemburga, Mađarske Republike, Republike Malte, Kraljevine Nizozemske, Republike Austrije, Republike Poljske, Portugalske Republike, Rumunjske, Republike Slovenije, Slovačke Republike, Republike Finske, Kraljevine Švedske, Ujedinjene Kraljevine Velike Britanije i Sjeverne Irske, i Europske investicijske banke, kojim se uređuju postupci za plaćanja i povrat novca iz Ugovora o jamstvu vezane uz zajmove Europske investicijske banke za investicijske projekte u afričkim, karipskim i pacifičkim državama te u prekomorskim zemljama i područjima, hitni postupak, prvo i drugo čitanje, P.Z. br. 9";"http://edoc.sabor.hr/Views/FonogramView.aspx?tdrid=2012518";1;2012518
"VIII";2;44;"Polugodišnja informacija o financijskom stanju, stupnju ostvarenja stabilnosti cijena i provedbi monetarne politike, Predlagatelj: Hrvatska narodna banka";"http://edoc.sabor.hr/Views/FonogramView.aspx?tdrid=2012515";1;2012515
"VIII";2;43;"Prijedlog odluke o imenovanju vršitelja dužnosti Glavnog ravnatelja Hrvatske radiotelevizije, Predlagatelj: Odbor za informiranje, informatizaciju i medije";"http://edoc.sabor.hr/Views/FonogramView.aspx?tdrid=2012513";1;2012513
"VIII";2;42;"Prijedlog odluke o razrješenju Glavnog ravnatelja Hrvatske radiotelevizije, Predlagatelj: Odbor za informiranje, informatizaciju i medije";"http://edoc.sabor.hr/Views/FonogramView.aspx?tdrid=2012512";1;2012512
"VIII";2;41;"Godišnje izvješće Hrvatske narodne banke za 2014. godinu, Predlagatelj: Hrvatska narodna banka";"http://edoc.sabor.hr/Views/FonogramView.aspx?tdrid=2012511";1;2012511
"VIII";2;40;"a) Prijedlog odluke o razrješenju predsjednika i člana Upravnog vijeća Hrvatskog memorijalno-dokumentacijskog centra Domovinskog rata b) Prijedlog odluke o imenovanju predsjednika i člana Upravnog vijeća Hrvatskog memorijalno-dokumentacijskog centra Domovinskog rata";"http://edoc.sabor.hr/Views/FonogramView.aspx?tdrid=2012510";1;2012510
"VIII";2;39;"Izvješće o radu Povjerenstva za odlučivanje o sukobu interesa za 2014. godinu, Predlagatelj: Povjerenstvo za odlučivanje o sukobu interesa";"http://edoc.sabor.hr/Views/FonogramView.aspx?tdrid=2012509";1;2012509
"VIII";2;38;"Prijedlog plana usklađivanja zakonodavstva Republike Hrvatske s pravnom stečevinom Europske unije za 2016. godinu";"http://edoc.sabor.hr/Views/FonogramView.aspx?tdrid=2012506";1;2012506
"VIII";2;37;"Izvješće o obavljenoj reviziji učinkovitosti financiranja izgradnje i upravljanja sportskim dvoranama, Predlagatelj: Državni ured za reviziju";"http://edoc.sabor.hr/Views/FonogramView.aspx?tdrid=2012505";1;2012505
"VIII";2;36;"Izvještaj o radu Odbora za etiku u znanosti i visokom obrazovanju od rujna 2014. do siječnja 2016. godine, Predlagatelj: Odbor za etiku u znanosti i visokom obrazovanju";"http://edoc.sabor.hr/Views/FonogramView.aspx?tdrid=2012504";1;2012504
"VIII";2;35;"Izvješće o obavljenoj financijskoj reviziji političkih stranaka, nezavisnih zastupnika i članova predstavničkih tijela jedinica lokalne i područne (regionalne) samouprave izabranih s liste grupe birača za 2014. godinu, Predlagatelj: Državni ured za reviziju";"http://edoc.sabor.hr/Views/FonogramView.aspx?tdrid=2012503";1;2012503
"VIII";2;34;"Izvješće o obavljenoj reviziji učinkovitosti sustava javne nabave u trgovačkim društvima u vlasništvu Republike Hrvatske, Predlagatelj: Državni ured za reviziju";"http://edoc.sabor.hr/Views/FonogramView.aspx?tdrid=2012502";1;2012502
"VIII";2;33;"Izvješće o obavljenoj reviziji učinkovitosti sprječavanja i otkrivanja prijevara kod trgovačkih društava u vlasništvu jedinica lokalne i područne (regionalne) samouprave, Predlagatelj: Državni ured za reviziju";"http://edoc.sabor.hr/Views/FonogramView.aspx?tdrid=2012501";1;2012501
"VIII";2;32;"Izvješće o obavljenoj reviziji učinkovitosti upravljanja sredstvima EU fondova u Republici Hrvatskoj, Predlagatelj: Državni ured za reviziju";"http://edoc.sabor.hr/Views/FonogramView.aspx?tdrid=2012500";1;2012500
"VIII";2;31;"Izvješće o obavljenoj financijskoj reviziji lučkih uprava, Predlagatelj: Državni ured za reviziju";"http://edoc.sabor.hr/Views/FonogramView.aspx?tdrid=2012499";1;2012499
"VIII";2;30;"Izvješće o obavljenoj reviziji učinkovitosti financiranja programa nevladinih udruga i ustanova nacionalnih manjina - Savjet za nacionalne manjine, Predlagatelj: Državni ured za reviziju";"http://edoc.sabor.hr/Views/FonogramView.aspx?tdrid=2012497";1;2012497
"VIII";2;29;"Konačni prijedlog zakona o izmjeni Zakona o upravljanju i raspolaganju imovinom u vlasništvu Republike Hrvatske, hitni postupak, prvo i drugo čitanje, P.Z. br. 4";"http://edoc.sabor.hr/Views/FonogramView.aspx?tdrid=2012496";1;2012496
"VIII";2;28;"Konačni prijedlog zakona o izmjenama Zakona o strateškim investicijskim projektima Republike Hrvatske, hitni postupak, prvo i drugo čitanje, P.Z. br. 3";"http://edoc.sabor.hr/Views/FonogramView.aspx?tdrid=2012495";1;2012495
"VIII";2;27;"Izvješće o obavljenoj financijskoj reviziji javnih ustanova u kulturi, Predlagatelj: Državni ured za reviziju";"http://edoc.sabor.hr/Views/FonogramView.aspx?tdrid=2012494";1;2012494
"VIII";2;26;"Davanje mišljenja Odbora za Ustav, Poslovnik i politički sustav na temelju zahtjeva za mišljenje o povredi Poslovnika Hrvatskoga sabora zastupnika Peđe Grbina";"http://edoc.sabor.hr/Views/FonogramView.aspx?tdrid=2012491";1;2012491
"VIII";2;25;"Prijedlog za izbor predsjednika Odbora za unutarnju politiku i nacionalnu sigurnost Hrvatskoga sabora, Predlagatelji: 43 zastupnika Hrvatskoga sabora";"http://edoc.sabor.hr/Views/FonogramView.aspx?tdrid=2012489";1;2012489
"VIII";2;24;"Izvješće o radu Državnog ureda za reviziju za 2015. godinu, Predlagatelj: Državni ured za reviziju";"http://edoc.sabor.hr/Views/FonogramView.aspx?tdrid=2012488";1;2012488
"VIII";2;23;"Izvješće o radu Agencije za zaštitu osobnih podataka za 2014. godinu, Predlagatelj: Agencija za zaštitu osobnih podataka";"http://edoc.sabor.hr/Views/FonogramView.aspx?tdrid=2012487";1;2012487
"VIII";2;22;"Godišnje izvješće Financijske agencije za 2014. godinu, Predlagatelj: Nadzorni odbor Financijske agencije";"http://edoc.sabor.hr/Views/FonogramView.aspx?tdrid=2012486";1;2012486
"VIII";2;21;"Godišnje izvješće o radu Agencije za zaštitu tržišnog natjecanja za 2014. godinu, Predlagatelj: Agencija za zaštitu tržišnog natjecanja";"http://edoc.sabor.hr/Views/FonogramView.aspx?tdrid=2012485";1;2012485
"VIII";2;20;"Godišnje izvješće o radu Državne komisije za kontrolu postupaka javne nabave za 2014. godinu, Predlagatelj: Državna komisija za kontrolu postupaka javne nabave";"http://edoc.sabor.hr/Views/FonogramView.aspx?tdrid=2012483";1;2012483
"VIII";2;19;"Godišnje izvješće Hrvatske agencije za nadzor financijskih usluga za 2014. godinu, Predlagatelj: Hrvatska agencija za nadzor financijskih usluga";"http://edoc.sabor.hr/Views/FonogramView.aspx?tdrid=2012482";1;2012482
"VIII";2;18;"Izvješće o ostvarenju proračuna Hrvatske energetske regulatorne agencije za 2014. godinu, Predlagatelj: Hrvatska energetska regulatorna agencija";"http://edoc.sabor.hr/Views/FonogramView.aspx?tdrid=2012481";1;2012481
"VIII";2;17;"Izvješće o radu Hrvatske energetske regulatorne agencije za 2014. godinu, Predlagatelj: Hrvatska energetska regulatorna agencija";"http://edoc.sabor.hr/Views/FonogramView.aspx?tdrid=2012480";1;2012480
"VIII";2;16;"Izvješće o radu i poslovanju Hrvatskog zavoda za mirovinsko osiguranje za 2014. godinu, Predlagatelj: Hrvatski zavod za mirovinsko osiguranje";"http://edoc.sabor.hr/Views/FonogramView.aspx?tdrid=2012479";1;2012479
"VIII";2;15;"Godišnje izvješće o radu Hrvatske regulatorne agencije za mrežne djelatnosti za 2014. godinu, Predlagatelj: Hrvatska regulatorna agencija za mrežne djelatnosti";"http://edoc.sabor.hr/Views/FonogramView.aspx?tdrid=2012478";1;2012478
"VIII";2;14;"Godišnje izvješće Hrvatske agencije za malo gospodarstvo, inovacije i investicije za 2014. godinu, Predlagatelj: Hrvatska agencija za malo gospodarstvo, inovacije i investicije";"http://edoc.sabor.hr/Views/FonogramView.aspx?tdrid=2012477";1;2012477
"VIII";2;13;"Godišnji financijski izvještaji HBOR-a za 2014 godinu, Predlagatelj: Hrvatska banka za obnovu i razvitak";"http://edoc.sabor.hr/Views/FonogramView.aspx?tdrid=2012476";1;2012476
"VIII";2;12;"Prijedlozi za izbor potpredsjednica Hrvatskoga sabora, Predlagatelji: Klub zastupnika SDP-a i Klub zastupnika HNS-a";"http://edoc.sabor.hr/Views/FonogramView.aspx?tdrid=2012475";1;2012475
"VIII";2;;"Davanje prisege zastupnika";"http://edoc.sabor.hr/Views/FonogramView.aspx?tdrid=2012484";0;2012484
"VIII";2;11;"Godišnje izvješće o radu Nacionalne zaklade za razvoj civilnoga društva za 2014. godinu, Predlagatelj: Upravni odbor Nacionalne zaklade za razvoj civilnog društva";"http://edoc.sabor.hr/Views/FonogramView.aspx?tdrid=2012473";1;2012473
"VIII";2;10;"a) Izvješće o radu obveznih mirovinskih fondova kojima upravlja Raiffeisen društvo za upravljanje obveznim i dobrovoljnim mirovinskom fondovima d.d. b) Izvješće o radu obveznih mirovinskih fondova kojima upravlja ERSTE d.o.o. društvo za upravljanje obveznim i dobrovoljnim mirovinskim fondovima c) Izvješće o radu AZ obveznih mirovinskih fondova za 2014. godinu d) Izvješće o radu mirovinskih fondova PBZ Croatia osiguranje za 2014. godinu";"http://edoc.sabor.hr/Views/FonogramView.aspx?tdrid=2012471";1;2012471
"VIII";2;9;"Poslovnik Povjerenika za informiranje - potvrđivanje, Predlagatelj: Povjerenik za informiranje";"http://edoc.sabor.hr/Views/FonogramView.aspx?tdrid=2012470";1;2012470
"VIII";2;8;"Izvješće o radu Hrvatskog memorijalno-dokumentacijskog centra Domovinskog rata za 2014. godinu, Predlagatelj: Hrvatski memorijalno-dokumentacijski centar Domovinskog rata";"http://edoc.sabor.hr/Views/FonogramView.aspx?tdrid=2012469";1;2012469
"VIII";2;7;"Izvješće o radu Hrvatske akademije znanosti i umjetnosti u 2014. godini, Predlagatelj: Hrvatska akademija znanosti i umjetnosti";"http://edoc.sabor.hr/Views/FonogramView.aspx?tdrid=2012468";1;2012468
"VIII";2;6;"Izbor predsjednika, potpredsjednika i članova radnih tijela Hrvatskoga sabora";"http://edoc.sabor.hr/Views/FonogramView.aspx?tdrid=2012467";1;2012467
"VIII";2;5;"Izvješća Mandatno-imunitetnog povjerenstva";"http://edoc.sabor.hr/Views/FonogramView.aspx?tdrid=2012466";1;2012466
"VIII";2;4;"Predstavljanje Vlade Republike Hrvatske i glasovanje o povjerenju Vladi Republike Hrvatske";"http://edoc.sabor.hr/Views/FonogramView.aspx?tdrid=2012465";1;2012465
"VIII";2;3;"Prijedlog odluke o razrješenju i imenovanju zamjenika tajnika Hrvatskoga sabora i tajnika plenarne sjednice";"http://edoc.sabor.hr/Views/FonogramView.aspx?tdrid=2012464";1;2012464
"VIII";2;2;"Prijedlog odluke o razrješenju i imenovanju tajnika Hrvatskoga sabora";"http://edoc.sabor.hr/Views/FonogramView.aspx?tdrid=2012463";1;2012463
"VIII";2;1;"Izbor potpredsjednika Hrvatskoga sabora";"http://edoc.sabor.hr/Views/FonogramView.aspx?tdrid=2012462";1;2012462
"VIII";2;;"Zahtjev kluba zastupnika za stanku zbog neisplate sedam plaća u tvrtki TIBO iz Matulja čiji je vlasnik država";"http://edoc.sabor.hr/Views/FonogramView.aspx?tdrid=2012533";0;2012533
"VIII";2;;"Zahtjev klubova zastupnika za stanku u vezi s kršenjem sporazuma o sufinanciranju najma osnovnog i srednjeg školstva u Varaždinskoj županiji; Zahtjev kluba zastupnika za stanku zbog krize u mljekarskom sektoru; Zahtjev kluba zastupnika za stanku zbog potpisane peticije koja je vezana uz financiranje znanosti i obrazovanja";"http://edoc.sabor.hr/Views/FonogramView.aspx?tdrid=2012532";0;2012532
"VIII";2;;"Zahtjev kluba zastupnika za stanku u vezi s glasovanjem o Izvješću Hrvatske narodne banke i o Godišnjem izvješću Hrvatske narodne banke za 2014. godinu";"http://edoc.sabor.hr/Views/FonogramView.aspx?tdrid=2012529";0;2012529
"VIII";2;;"Zahtjev kluba zastupnika za stanku u vezi s umirovljeničkom problematikom i obveznim mirovinskim fondovima";"http://edoc.sabor.hr/Views/FonogramView.aspx?tdrid=2012523";0;2012523
"VIII";2;;"Zahtjev kluba zastupnika za stanku u vezi s Raiffeisen bankom i austrijskim zadrugama";"http://edoc.sabor.hr/Views/FonogramView.aspx?tdrid=2012522";0;2012522
"VIII";2;;"Zahtjev klubova zastupnika za stanku u vezi s načinom rada Sabora; Zahtjev kluba zastupnika za stanku u vezi sa zaštitom digniteta Hrvatskoga sabora, vezano uz poruku Udruge hrvatskih sudaca";"http://edoc.sabor.hr/Views/FonogramView.aspx?tdrid=2012516";0;2012516
"VIII";2;;"Zahtjev kluba zastupnika za stanku u vezi s nezakonitostima i korupcijom u Županijskom sudu u Šibeniku";"http://edoc.sabor.hr/Views/FonogramView.aspx?tdrid=2012514";0;2012514
"VIII";2;;"Zahtjev klubova zastupnika za stanku zbog onemogućavanja novinarima da postave pitanja ministrima prije sjednice Vlade";"http://edoc.sabor.hr/Views/FonogramView.aspx?tdrid=2012507";0;2012507
"VIII";2;;"Zahtjev klubova zastupnika za stanku zbog izjava ministra kulture Zlatka Hasanbegovića u medijima";"http://edoc.sabor.hr/Views/FonogramView.aspx?tdrid=2012498";0;2012498
"VIII";2;;"Zahtjev klubova zastupnika za stanku zbog neuspjelog izbora Ranka Ostojića za predsjednika Odbora za unutarnju politiku i nacionalnu sigurnost";"http://edoc.sabor.hr/Views/FonogramView.aspx?tdrid=2012493";0;2012493
"VIII";2;;"Zahtjev klubova zastupnika za stanku u vezi s razrješenjem ravnatelja SOA-e; Zahtjev klubova zastupnika za stanku zbog načina obraćanja Porezne uprave umirovljenicima koji mirovine primaju iz inozemstva";"http://edoc.sabor.hr/Views/FonogramView.aspx?tdrid=2012492";0;2012492
"VIII";2;;"Zahtjev klubova zastupnika za stanku u vezi s prognozom Europske komisije o rastu hrvatskog BDP-a u 2016. godini";"http://edoc.sabor.hr/Views/FonogramView.aspx?tdrid=2012490";0;2012490
"VIII";2;;"Zahtjev klubova zastupnika za stanku zbog pritiska na Vijeće za elektroničke medije";"http://edoc.sabor.hr/Views/FonogramView.aspx?tdrid=2012474";0;2012474
"VIII";2;;"Zahtjev klubova zastupnika za stanku u vezi s aktualnim ministrom hrvatskih branitelja";"http://edoc.sabor.hr/Views/FonogramView.aspx?tdrid=2012472";0;2012472
"VIII";2;;"Utvrđivanje dnevnog reda";"http://edoc.sabor.hr/Views/FonogramView.aspx?tdrid=2012461";1;2012461
"VIII";1;3;"Davanje prisege zastupnika";"http://edoc.sabor.hr/Views/FonogramView.aspx?tdrid=2012459";1;2012459
"VIII";1;2;"Izvješće Mandatno-imunitetnog povjerenstva o provedenim izborima";"http://edoc.sabor.hr/Views/FonogramView.aspx?tdrid=2012458";1;2012458
"VIII";1;1;"Izbor članova Mandatno-imunitetnog povjerenstva";"http://edoc.sabor.hr/Views/FonogramView.aspx?tdrid=2012457";1;2012457
"VIII";1;;"Izbor predsjednika Hrvatskoga sabora";"http://edoc.sabor.hr/Views/FonogramView.aspx?tdrid=2012456";1;2012456
"VIII";1;;"Otvaranje konstituirajuće sjednice";"http://edoc.sabor.hr/Views/FonogramView.aspx?tdrid=2012455";1;2012455
